{"coverage": 92.64957264957265, "raw_data": {"meta": {"format": 2, "version": "7.5.4", "timestamp": "2024-07-09T07:51:36.941195", "branch_coverage": true, "show_contexts": false}, "files": {"src/gridtk/__init__.py": {"executed_lines": [], "summary": {"covered_lines": 0, "num_statements": 0, "percent_covered": 100.0, "percent_covered_display": "100", "missing_lines": 0, "excluded_lines": 0, "num_branches": 0, "num_partial_branches": 0, "covered_branches": 0, "missing_branches": 0}, "missing_lines": [], "excluded_lines": [], "executed_branches": [], "missing_branches": []}, "src/gridtk/__main__.py": {"executed_lines": [6, 8], "summary": {"covered_lines": 2, "num_statements": 3, "percent_covered": 60.0, "percent_covered_display": "60", "missing_lines": 1, "excluded_lines": 0, "num_branches": 2, "num_partial_branches": 1, "covered_branches": 1, "missing_branches": 1}, "missing_lines": [9], "excluded_lines": [], "executed_branches": [[8, -1]], "missing_branches": [[8, 9]]}, "src/gridtk/cli.py": {"executed_lines": [6, 7, 9, 10, 12, 14, 17, 18, 20, 24, 25, 31, 34, 41, 48, 55, 56, 58, 60, 63, 64, 66, 67, 70, 82, 88, 93, 99, 106, 107, 108, 109, 110, 111, 112, 113, 114, 115, 116, 117, 118, 119, 120, 121, 122, 123, 124, 125, 126, 127, 128, 129, 130, 131, 132, 133, 134, 135, 136, 137, 138, 139, 140, 141, 142, 143, 144, 145, 146, 147, 148, 149, 150, 151, 152, 153, 154, 155, 156, 157, 158, 159, 160, 161, 162, 163, 164, 165, 166, 167, 168, 169, 170, 171, 172, 173, 174, 175, 176, 177, 178, 179, 180, 181, 182, 183, 184, 185, 186, 187, 188, 189, 190, 191, 192, 193, 194, 195, 196, 197, 198, 199, 200, 201, 202, 203, 204, 205, 206, 207, 208, 209, 210, 211, 212, 222, 224, 226, 227, 228, 230, 231, 234, 235, 236, 237, 240, 242, 243, 244, 250, 251, 257, 258, 259, 260, 261, 264, 266, 267, 268, 269, 274, 277, 281, 286, 288, 290, 291, 292, 293, 295, 296, 297, 298, 299, 301, 302, 305, 307, 310, 312, 315, 317, 318, 320, 321, 327, 337, 344, 349, 351, 354, 355, 356, 357, 365, 367, 368, 369, 372, 373, 374, 377, 378, 379, 380, 388, 390, 391, 392, 395, 396, 397, 400, 401, 402, 403, 411, 413, 415, 416, 417, 420, 421, 422, 423, 424, 425, 426, 427, 433, 436, 437, 438, 441, 442, 443, 449, 450, 459, 461, 462, 463, 466, 467, 468, 469, 470, 471, 472, 473, 474, 478, 479, 483, 484, 485, 487, 491, 492, 495, 496, 497, 498, 506, 508, 509, 510, 513, 514, 515, 518], "summary": {"covered_lines": 272, "num_statements": 298, "percent_covered": 93.3641975308642, "percent_covered_display": "93", "missing_lines": 26, "excluded_lines": 0, "num_branches": 350, "num_partial_branches": 13, "covered_branches": 333, "missing_branches": 17}, "missing_lines": [22, 233, 238, 247, 270, 271, 272, 273, 275, 276, 278, 279, 280, 282, 283, 294, 300, 475, 480, 481, 482, 486, 488, 489, 490, 519], "excluded_lines": [], "executed_branches": [[34, 34], [34, 41], [34, 56], [41, 34], [41, 41], [41, 48], [48, 41], [48, 48], [48, 55], [55, 48], [55, 56], [56, 55], [56, 63], [64, 63], [64, 70], [70, 70], [70, 82], [70, 212], [82, 70], [82, 82], [82, 88], [88, 82], [88, 88], [88, 93], [93, 88], [93, 93], [93, 99], [99, 93], [99, 99], [99, 106], [106, 99], [106, 107], [107, 106], [107, 108], [108, 107], [108, 109], [109, 108], [109, 110], [110, 109], [110, 111], [111, 110], [111, 112], [112, 111], [112, 113], [113, 112], [113, 114], [114, 113], [114, 115], [115, 114], [115, 116], [116, 115], [116, 117], [117, 116], [117, 118], [118, 117], [118, 119], [119, 118], [119, 120], [120, 119], [120, 121], [121, 120], [121, 122], [122, 121], [122, 123], [123, 122], [123, 124], [124, 123], [124, 125], [125, 124], [125, 126], [126, 125], [126, 127], [127, 126], [127, 128], [128, 127], [128, 129], [129, 128], [129, 130], [130, 129], [130, 131], [131, 130], [131, 132], [132, 131], [132, 133], [133, 132], [133, 134], [134, 133], [134, 135], [135, 134], [135, 136], [136, 135], [136, 137], [137, 136], [137, 138], [138, 137], [138, 139], [139, 138], [139, 140], [140, 139], [140, 141], [141, 140], [141, 142], [142, 141], [142, 143], [143, 142], [143, 144], [144, 143], [144, 145], [145, 144], [145, 146], [146, 145], [146, 147], [147, 146], [147, 148], [148, 147], [148, 149], [149, 148], [149, 150], [150, 149], [150, 151], [151, 150], [151, 152], [152, 151], [152, 153], [153, 152], [153, 154], [154, 153], [154, 155], [155, 154], [155, 156], [156, 155], [156, 157], [157, 156], [157, 158], [158, 157], [158, 159], [159, 158], [159, 160], [160, 159], [160, 161], [161, 160], [161, 162], [162, 161], [162, 163], [163, 162], [163, 164], [164, 163], [164, 165], [165, 164], [165, 166], [166, 165], [166, 167], [167, 166], [167, 168], [168, 167], [168, 169], [169, 168], [169, 170], [170, 169], [170, 171], [171, 170], [171, 172], [172, 171], [172, 173], [173, 172], [173, 174], [174, 173], [174, 175], [175, 174], [175, 176], [176, 175], [176, 177], [177, 176], [177, 178], [178, 177], [178, 179], [179, 178], [179, 180], [180, 179], [180, 181], [181, 180], [181, 182], [182, 181], [182, 183], [183, 182], [183, 184], [184, 183], [184, 185], [185, 184], [185, 186], [186, 185], [186, 187], [187, 186], [187, 188], [188, 187], [188, 189], [189, 188], [189, 190], [190, 189], [190, 191], [191, 190], [191, 192], [192, 191], [192, 193], [193, 192], [193, 194], [194, 193], [194, 195], [195, 194], [195, 196], [196, 195], [196, 197], [197, 196], [197, 198], [198, 197], [198, 199], [199, 198], [199, 200], [200, 199], [200, 201], [201, 200], [201, 202], [202, 201], [202, 203], [203, 202], [203, 204], [204, 203], [204, 205], [205, 204], [205, 206], [206, 205], [206, 207], [207, 206], [207, 208], [208, 207], [208, 209], [209, 208], [209, 210], [210, 209], [210, 211], [211, 210], [211, 212], [212, 211], [212, 212], [212, 264], [227, 228], [227, 240], [228, 230], [228, 231], [231, 234], [235, 236], [235, 237], [237, 227], [242, -70], [242, 243], [243, 244], [243, 250], [244, 250], [250, 251], [250, 261], [266, 267], [266, 268], [269, 274], [274, 277], [277, 281], [290, 291], [290, 292], [293, 295], [297, 298], [297, 302], [299, 301], [354, 355], [354, 357], [355, 354], [355, 356], [356, 355], [356, 357], [357, 356], [357, 357], [357, 377], [368, -354], [368, 369], [372, 373], [372, 374], [377, 378], [377, 380], [378, 377], [378, 379], [379, 378], [379, 380], [380, 379], [380, 380], [380, 400], [391, -377], [391, 392], [395, 396], [395, 397], [400, 401], [400, 403], [401, 400], [401, 402], [402, 401], [402, 403], [403, 402], [403, 403], [403, 441], [416, -400], [416, 417], [421, 422], [421, 437], [441, 442], [441, 450], [442, 441], [442, 443], [443, 442], [443, 443], [443, 449], [449, 443], [449, 450], [450, 449], [450, 450], [450, 495], [462, -441], [462, 463], [466, 467], [466, 492], [472, 473], [472, 478], [474, 472], [479, 483], [483, 484], [483, 491], [485, 487], [487, 483], [495, 496], [495, 498], [496, 495], [496, 497], [497, 496], [497, 498], [498, 497], [498, 498], [498, 518], [509, -495], [509, 510], [513, 514], [513, 515], [518, -6]], "missing_branches": [[231, 233], [237, 238], [244, 247], [269, 270], [271, 272], [271, 273], [274, 275], [277, 278], [293, 294], [299, 300], [474, 475], [479, 480], [485, 486], [487, 488], [489, 483], [489, 490], [518, 519]]}, "src/gridtk/manager.py": {"executed_lines": [5, 20, 21, 22, 23, 25, 26, 28, 30, 31, 33, 34, 37, 39, 40, 44, 45, 46, 49, 51, 52, 53, 54, 55, 58, 59, 61, 62, 63, 64, 65, 67, 69, 70, 71, 72, 74, 76, 77, 78, 79, 81, 82, 83, 85, 86, 87, 90, 98, 99, 100, 101, 102, 104, 106, 107, 116, 124, 126, 128, 129, 130, 131, 132, 134, 135, 136, 137, 138, 140, 149, 150, 151, 152, 153, 154, 155, 156, 157, 158, 159, 160, 161, 162, 164, 166, 168, 169, 170, 171, 172, 173, 174, 176, 177, 181, 183, 184, 186, 187, 188, 189, 190, 191, 192, 194, 196, 197, 201, 202, 203, 204], "summary": {"covered_lines": 110, "num_statements": 114, "percent_covered": 95.73170731707317, "percent_covered_display": "96", "missing_lines": 4, "excluded_lines": 0, "num_branches": 50, "num_partial_branches": 3, "covered_branches": 47, "missing_branches": 3},