{"coverage": 91.62479061976549, "raw_data": {"meta": {"format": 2, "version": "7.5.4", "timestamp": "2024-07-09T14:40:55.087136", "branch_coverage": true, "show_contexts": false}, "files": {"src/gridtk/__init__.py": {"executed_lines": [1], "summary": {"covered_lines": 0, "num_statements": 0, "percent_covered": 100.0, "percent_covered_display": "100", "missing_lines": 0, "excluded_lines": 0, "num_branches": 0, "num_partial_branches": 0, "covered_branches": 0, "missing_branches": 0}, "missing_lines": [], "excluded_lines": [], "executed_branches": [], "missing_branches": []}, "src/gridtk/__main__.py": {"executed_lines": [6, 8], "summary": {"covered_lines": 2, "num_statements": 3, "percent_covered": 40.0, "percent_covered_display": "40", "missing_lines": 1, "excluded_lines": 0, "num_branches": 2, "num_partial_branches": 2, "covered_branches": 0, "missing_branches": 2}, "missing_lines": [9], "excluded_lines": [], "executed_branches": [[8, -6]], "missing_branches": [[8, -1], [8, 9]]}, "src/gridtk/cli.py": {"executed_lines": [6, 7, 9, 10, 11, 13, 16, 17, 19, 23, 25, 31, 32, 33, 44, 51, 58, 65, 66, 68, 70, 73, 74, 76, 77, 80, 92, 98, 103, 109, 116, 117, 118, 119, 120, 121, 122, 123, 124, 125, 126, 127, 128, 129, 130, 131, 132, 133, 134, 135, 136, 137, 138, 139, 140, 141, 142, 143, 144, 145, 146, 147, 148, 149, 150, 151, 152, 153, 154, 155, 156, 157, 158, 159, 160, 161, 162, 163, 164, 165, 166, 167, 168, 169, 170, 171, 172, 173, 174, 175, 176, 177, 178, 179, 180, 181, 182, 183, 184, 185, 186, 187, 188, 189, 190, 191, 192, 193, 194, 195, 196, 197, 198, 199, 200, 201, 202, 203, 204, 205, 206, 207, 208, 209, 210, 211, 212, 213, 214, 215, 216, 217, 218, 219, 220, 221, 222, 232, 234, 236, 237, 238, 240, 241, 244, 245, 246, 247, 250, 252, 253, 254, 260, 261, 267, 268, 269, 270, 271, 274, 276, 277, 278, 279, 284, 287, 291, 296, 298, 300, 301, 302, 303, 305, 306, 307, 308, 309, 311, 312, 315, 317, 320, 322, 325, 327, 328, 330, 331, 337, 347, 354, 359, 361, 364, 365, 366, 367, 375, 377, 378, 379, 382, 383, 384, 387, 388, 389, 390, 398, 400, 401, 402, 405, 406, 407, 410, 411, 412, 413, 421, 423, 425, 426, 427, 430, 431, 432, 433, 434, 435, 436, 437, 443, 446, 447, 448, 451, 452, 453, 459, 460, 469, 471, 472, 473, 476, 477, 478, 479, 480, 481, 482, 483, 484, 488, 489, 493, 494, 495, 497, 501, 502, 505, 506, 507, 508, 516, 518, 519, 520, 523, 524, 525, 528], "summary": {"covered_lines": 274, "num_statements": 306, "percent_covered": 69.63746223564955, "percent_covered_display": "70", "missing_lines": 32, "excluded_lines": 0, "num_branches": 356, "num_partial_branches": 161, "covered_branches": 187, "missing_branches": 169}, "missing_lines": [21, 34, 35, 36, 38, 39, 41, 243, 248, 257, 280, 281, 282, 283, 285, 286, 288, 289, 290, 292, 293, 304, 310, 485, 490, 491, 492, 496, 498, 499, 500, 529], "excluded_lines": [], "executed_branches": [[32, 33], [44, 44], [44, 51], [51, 51], [51, 58], [58, 58], [58, 65], [65, 66], [66, 73], [74, 80], [80, 80], [80, 92], [92, 92], [92, 98], [98, 98], [98, 103], [103, 103], [103, 109], [109, 109], [109, 116], [116, 117], [117, 118], [118, 119], [119, 120], [120, 121], [121, 122], [122, 123], [123, 124], [124, 125], [125, 126], [126, 127], [127, 128], [128, 129], [129, 130], [130, 131], [131, 132], [132, 133], [133, 134], [134, 135], [135, 136], [136, 137], [137, 138], [138, 139], [139, 140], [140, 141], [141, 142], [142, 143], [143, 144], [144, 145], [145, 146], [146, 147], [147, 148], [148, 149], [149, 150], [150, 151], [151, 152], [152, 153], [153, 154], [154, 155], [155, 156], [156, 157], [157, 158], [158, 159], [159, 160], [160, 161], [161, 162], [162, 163], [163, 164], [164, 165], [165, 166], [166, 167], [167, 168], [168, 169], [169, 170], [170, 171], [171, 172], [172, 173], [173, 174], [174, 175], [175, 176], [176, 177], [177, 178], [178, 179], [179, 180], [180, 181], [181, 182], [182, 183], [183, 184], [184, 185], [185, 186], [186, 187], [187, 188], [188, 189], [189, 190], [190, 191], [191, 192], [192, 193], [193, 194], [194, 195], [195, 196], [196, 197], [197, 198], [198, 199], [199, 200], [200, 201], [201, 202], [202, 203], [203, 204], [204, 205], [205, 206], [206, 207], [207, 208], [208, 209], [209, 210], [210, 211], [211, 212], [212, 213], [213, 214], [214, 215], [215, 216], [216, 217], [217, 218], [218, 219], [219, 220], [220, 221], [221, 222], [222, 222], [222, 274], [237, 238], [237, 250], [238, 240], [238, 241], [241, 244], [245, 246], [245, 247], [247, 237], [252, 253], [253, 254], [253, 260], [254, 260], [260, 261], [260, 271], [276, 277], [276, 278], [279, 284], [284, 287], [287, 291], [300, 301], [300, 302], [303, 305], [307, 308], [307, 312], [309, 311], [364, 365], [365, 366], [366, 367], [367, 367], [367, 387], [378, 379], [382, 383], [382, 384], [387, 388], [388, 389], [389, 390], [390, 390], [390, 410], [401, 402], [405, 406], [405, 407], [410, 411], [411, 412], [412, 413], [413, 413], [413, 451], [426, 427], [431, 432], [431, 447], [451, 452], [452, 453], [453, 453], [453, 459], [459, 460], [460, 460], [460, 505], [472, 473], [476, 477], [476, 502], [482, 483], [484, 488], [489, 493], [493, 494], [493, 501], [495, 497], [497, 493], [505, 506], [506, 507], [507, 508], [508, 508], [508, 528], [519, 520], [523, 524], [523, 525], [528, -6]], "missing_branches": [[32, 34], [35, 36], [35, 38], [38, 39], [38, 41], [44, 66], [51, 44], [58, 51], [65, 58], [66, 65], [74, 73], [80, 222], [92, 80], [98, 92], [103, 98], [109, 103], [116, 109], [117, 116], [118, 117], [119, 118], [120, 119], [121, 120], [122, 121], [123, 122], [124, 123], [125, 124], [126, 125], [127, 126], [128, 127], [129, 128], [130, 129], [131, 130], [132, 131], [133, 132], [134, 133], [135, 134], [136, 135], [137, 136], [138, 137], [139, 138], [140, 139], [141, 140], [142, 141], [143, 142], [144, 143], [145, 144], [146, 145], [147, 146], [148, 147], [149, 148], [150, 149], [151, 150], [152, 151], [153, 152], [154, 153], [155, 154], [156, 155], [157, 156], [158, 157], [159, 158], [160, 159], [161, 160], [162, 161], [163, 162], [164, 163], [165, 164], [166, 165], [167, 166], [168, 167], [169, 168], [170, 169], [171, 170], [172, 171], [173, 172], [174, 173], [175, 174], [176, 175], [177, 176], [178, 177], [179, 178], [180, 179], [181, 180], [182, 181], [183, 182], [184, 183], [185, 184], [186, 185], [187, 186], [188, 187], [189, 188], [190, 189], [191, 190], [192, 191], [193, 192], [194, 193], [195, 194], [196, 195], [197, 196], [198, 197], [199, 198], [200, 199], [201, 200], [202, 201], [203, 202], [204, 203], [205, 204], [206, 205], [207, 206], [208, 207], [209, 208], [210, 209], [211, 210], [212, 211], [213, 212], [214, 213], [215, 214], [216, 215], [217, 216], [218, 217], [219, 218], [220, 219], [221, 220], [222, 221], [241, 243], [247, 248], [252, -80], [254, 257], [279, 280], [281, 282], [281, 283], [284, 285], [287, 288], [303, 304], [309, 310], [364, 367], [365, 364], [366, 365], [367, 366], [378, -364], [387, 390], [388, 387], [389, 388], [390, 389], [401, -387], [410, 413], [411, 410], [412, 411], [413, 412], [426, -410], [451, 460], [452, 451], [453, 452], [459, 453], [460, 459], [472, -451], [482, 488], [484, 482], [484, 485], [489, 490], [495, 496], [497, 498], [499, 493], [499, 500], [505, 508], [506, 505], [507, 506], [508, 507], [519, -505], [528, 529]]}, "src/gridtk/manager.py": {"executed_lines": [6, 21, 22, 23, 24, 26, 27, 29, 31, 32, 34, 35, 38, 40, 41, 45, 46, 47, 50, 52, 53, 54, 55, 56, 59, 60, 62, 63, 64, 65, 66, 68, 70, 71, 72, 73, 75, 77, 78, 79, 80, 82, 83, 84, 86, 87, 88, 91, 99, 100, 101, 102, 103, 105, 107, 108, 117, 125, 127, 129, 130, 131, 132, 133, 135, 136, 137, 138, 139, 141, 150, 151, 152, 153, 154, 155, 156, 157, 158, 159, 160, 161, 162, 163, 165, 167, 169, 170, 171, 172, 173, 174, 175, 177, 178, 182, 184, 185, 187, 188, 189, 190, 191, 192, 193, 195, 197, 198, 202, 203, 204, 205], "summary": {"covered_lines": 110, "num_statements": 114, "percent_covered": 93.90243902439025, "percent_covered_display": "94",